SA2_CODE21,SA2_NAME21,population,IRSD_score,IRSD_decile,library_count,libraries_per_10000,mean_weekly_income,bach_pct,avg_cars
206011106,Brunswick East,12738.0,1076.0,9.0,0.0,0.0,1402.0,0.7305,1.12
206011107,Brunswick West,14318.0,1047.0,7.0,0.0,0.0,1224.0,0.659,1.266
206011109,Pascoe Vale South,10390.0,1069.0,9.0,0.0,0.0,1209.0,0.5745,1.723
206011495,Brunswick - North,12890.0,1054.0,8.0,0.0,0.0,1278.0,0.7234,1.167
206011496,Brunswick - South,12983.0,1068.0,9.0,1.0,0.7702380035430948,1356.0,0.7346,1.096
206011497,Coburg - East,12535.0,1027.0,6.0,1.0,0.7977662544874351,1133.0,0.6196,1.348
206011498,Coburg - West,14031.0,1042.0,7.0,0.0,0.0,1181.0,0.6235,1.49
206021110,Alphington - Fairfield,8994.0,1070.0,9.0,0.0,0.0,1389.0,0.7047,1.437
206021112,Thornbury,18919.0,1048.0,7.0,0.0,0.0,1273.0,0.6559,1.353
206021499,Northcote - East,15068.0,1064.0,8.0,1.0,0.6636580833554553,1410.0,0.7177,1.376
206021500,Northcote - West,10299.0,1080.0,9.0,0.0,0.0,1443.0,0.733,1.265
206031113,Ascot Vale,15191.0,1015.0,6.0,0.0,0.0,1376.0,0.6166,1.416
206031115,Flemington,9065.0,929.0,2.0,0.0,0.0,1188.0,0.6347,1.071
206031116,Moonee Ponds,16224.0,1067.0,9.0,0.0,0.0,1357.0,0.6377,1.355
206031501,Essendon (West) - Aberfeldie,16042.0,1073.0,9.0,0.0,0.0,1297.0,0.5616,1.714
206031502,Essendon - East,12191.0,1071.0,9.0,0.0,0.0,1362.0,0.6198,1.458
206041117,Carlton,16655.0,962.0,3.0,2.0,1.2008405884118885,948.0,0.7111,0.652
206041118,Docklands,15493.0,1044.0,7.0,1.0,0.6454527851287678,1378.0,0.6785,0.735
206041119,East Melbourne,4896.0,1107.0,10.0,1.0,2.042483660130719,1784.0,0.7307,1.15
206041120,Flemington Racecourse,77.0,1119.0,10.0,0.0,0.0,1236.0,0.6029,0.853
206041121,Kensington (Vic.),10745.0,1044.0,7.0,0.0,0.0,1459.0,0.7159,1.173
206041124,Parkville,7297.0,1055.0,8.0,0.0,0.0,948.0,0.7148,1.144
206041125,South Yarra - West,6423.0,1103.0,10.0,1.0,1.5569048731122528,1707.0,0.6994,1.089
206041503,Melbourne CBD - East,9848.0,995.0,5.0,2.0,2.0308692120227456,1153.0,0.642,0.388
206041504,Melbourne CBD - North,16870.0,961.0,3.0,0.0,0.0,827.0,0.6742,0.25
206041505,Melbourne CBD - West,15648.0,994.0,5.0,0.0,0.0,1058.0,0.6609,0.35
206041506,North Melbourne,15637.0,981.0,4.0,0.0,0.0,1211.0,0.6856,0.861
206041508,Southbank (West) - South Wharf,6463.0,1055.0,8.0,0.0,0.0,1470.0,0.6918,0.754
206041509,Southbank - East,16101.0,1052.0,8.0,1.0,0.621079436059872,1334.0,0.7188,0.673
206041510,West Melbourne - Residential,7446.0,1046.0,7.0,0.0,0.0,1260.0,0.7085,0.791
206051128,Albert Park,15825.0,1084.0,9.0,1.0,0.631911532385466,1650.0,0.6886,1.219
206051129,Elwood,14818.0,1083.0,9.0,0.0,0.0,1592.0,0.6471,1.299
206051130,Port Melbourne,16192.0,1052.0,8.0,1.0,0.6175889328063241,1646.0,0.6028,1.286
206051134,St Kilda East,15813.0,1066.0,9.0,0.0,0.0,1427.0,0.6378,1.124
206051511,Port Melbourne Industrial,1907.0,1084.0,9.0,0.0,0.0,1585.0,0.5428,1.24
206051512,South Melbourne,11693.0,1029.0,6.0,1.0,0.8552125203112974,1563.0,0.6524,1.033
206051513,St Kilda - Central,11857.0,1047.0,7.0,0.0,0.0,1421.0,0.5884,0.975
206051514,St Kilda - West,13858.0,1052.0,8.0,0.0,0.0,1459.0,0.5935,1.003
206061135,Armadale,9336.0,1089.0,10.0,0.0,0.0,1636.0,0.7146,1.318
206061136,Prahran - Windsor,19119.0,1076.0,9.0,1.0,0.5230399079449761,1558.0,0.674,1.069
206061138,Toorak,12953.0,1104.0,10.0,0.0,0.0,1759.0,0.6813,1.586
206061515,South Yarra - North,11192.0,1090.0,10.0,0.0,0.0,1597.0,0.7087,0.862
206061516,South Yarra - South,9939.0,1030.0,6.0,0.0,0.0,1542.0,0.6878,0.997
206071139,Abbotsford,9088.0,1077.0,9.0,0.0,0.0,1523.0,0.7032,1.052
206071140,Carlton North - Princes Hill,8186.0,1087.0,10.0,0.0,0.0,1471.0,0.7703,1.255
206071141,Collingwood,9179.0,962.0,3.0,0.0,0.0,1496.0,0.6867,0.918
206071142,Fitzroy,10431.0,979.0,4.0,0.0,0.0,1508.0,0.6922,0.969
206071143,Fitzroy North,12781.0,1066.0,9.0,1.0,0.7824113919098662,1497.0,0.7507,1.175
206071145,Clifton Hill - Alphington,9855.0,1094.0,10.0,0.0,0.0,1581.0,0.7517,1.398
206071517,Richmond (South) - Cremorne,17671.0,1106.0,10.0,0.0,0.0,1696.0,0.7206,1.214
206071518,Richmond - North,13867.0,977.0,4.0,0.0,0.0,1387.0,0.6509,1.028
207011146,Ashburton (Vic.),7952.0,1082.0,9.0,0.0,0.0,1432.0,0.6915,1.712
207011147,Balwyn,16163.0,1064.0,8.0,0.0,0.0,1239.0,0.6894,1.653
207011148,Balwyn North,21123.0,1075.0,9.0,0.0,0.0,1207.0,0.6937,1.899
207011149,Camberwell,21232.0,1097.0,10.0,1.0,0.4709871891484551,1428.0,0.7128,1.7
207011150,Glen Iris - East,16829.0,1116.0,10.0,0.0,0.0,1521.0,0.726,1.808
207011152,Hawthorn East,15684.0,1091.0,10.0,0.0,0.0,1514.0,0.7255,1.418
207011154,Kew East,6482.0,1087.0,10.0,0.0,0.0,1386.0,0.6997,1.785
207011155,Surrey Hills (West) - Canterbury,15944.0,1103.0,10.0,0.0,0.0,1489.0,0.7236,1.76
207011519,Hawthorn - North,9890.0,1088.0,10.0,0.0,0.0,1532.0,0.7189,1.386
207011520,Hawthorn - South,11957.0,1087.0,10.0,0.0,0.0,1478.0,0.7347,1.273
207011521,Kew - South,11601.0,1100.0,10.0,0.0,0.0,1471.0,0.7172,1.697
207011522,Kew - West,13039.0,1081.0,9.0,0.0,0.0,1468.0,0.696,1.65
207021156,Bulleen,11289.0,1047.0,7.0,0.0,0.0,1062.0,0.5573,1.807
207021157,Doncaster,24814.0,1027.0,6.0,1.0,0.4029983074071089,991.0,0.6118,1.579
207021159,Templestowe,16966.0,1074.0,9.0,0.0,0.0,1124.0,0.5864,2.031
207021160,Templestowe Lower,14191.0,1055.0,8.0,0.0,0.0,1068.0,0.5639,1.841
207021424,Doncaster East - North,15672.0,1059.0,8.0,0.0,0.0,998.0,0.6078,1.922
207021425,Doncaster East - South,15454.0,1030.0,6.0,0.0,0.0,982.0,0.6044,1.638
207031161,Blackburn,22106.0,1069.0,9.0,0.0,0.0,1191.0,0.6365,1.659
207031162,Blackburn South,10939.0,1054.0,8.0,0.0,0.0,1061.0,0.5823,1.685
207031163,Box Hill,22841.0,991.0,4.0,1.0,0.4378092027494418,952.0,0.6015,1.283
207031164,Box Hill North,18126.0,1041.0,7.0,0.0,0.0,1095.0,0.6311,1.652
207031165,Burwood (Vic.),12336.0,1010.0,5.0,0.0,0.0,943.0,0.6034,1.501
207031166,Burwood East,10675.0,1031.0,6.0,0.0,0.0,925.0,0.5998,1.666
207031167,Surrey Hills (East) - Mont Alber,10166.0,1096.0,10.0,0.0,0.0,1390.0,0.6989,1.711
208011168,Beaumaris,14021.0,1108.0,10.0,0.0,0.0,1425.0,0.6015,1.941
208011169,Brighton (Vic.),22758.0,1101.0,10.0,0.0,0.0,1647.0,0.6633,1.726
208011170,Brighton East,16540.0,1090.0,10.0,0.0,0.0,1451.0,0.6352,1.826
208011171,Highett (West) - Cheltenham,12439.0,1071.0,9.0,0.0,0.0,1349.0,0.5754,1.636
208011172,Hampton,18200.0,1074.0,9.0,0.0,0.0,1442.0,0.6221,1.677
208011173,Sandringham - Black Rock,17358.0,1094.0,10.0,0.0,0.0,1463.0,0.6073,1.709
208021174,Bentleigh - McKinnon,24896.0,1069.0,9.0,0.0,0.0,1291.0,0.6205,1.608
208021176,Carnegie,18534.0,1062.0,8.0,0.0,0.0,1255.0,0.666,1.33
208021177,Caulfield - North,22362.0,1085.0,9.0,0.0,0.0,1410.0,0.6751,1.49
208021178,Caulfield - South,18075.0,1086.0,9.0,0.0,0.0,1359.0,0.6412,1.67
208021179,Elsternwick,11904.0,1085.0,9.0,0.0,0.0,1479.0,0.6756,1.414
208021180,Hughesdale,7563.0,1051.0,8.0,0.0,0.0,1198.0,0.6317,1.519
208021181,Murrumbeena,9369.0,1077.0,9.0,0.0,0.0,1288.0,0.6644,1.538
208021182,Ormond - Glen Huntly,13128.0,1066.0,9.0,0.0,0.0,1259.0,0.6582,1.379
208021426,Bentleigh East - North,16583.0,1067.0,9.0,0.0,0.0,1220.0,0.5896,1.75
208021427,Bentleigh East - South,14057.0,1076.0,9.0,0.0,0.0,1215.0,0.5522,1.773
208031183,Aspendale Gardens - Waterways,8853.0,1080.0,9.0,0.0,0.0,1113.0,0.4778,2.109
208031185,Carrum - Patterson Lakes,12032.0,1043.0,7.0,0.0,0.0,1134.0,0.379,1.77
208031186,Chelsea - Bonbeach,15204.0,1043.0,7.0,0.0,0.0,1167.0,0.4288,1.527
208031187,Chelsea Heights,5393.0,1048.0,7.0,0.0,0.0,1014.0,0.3619,1.824
208031188,Highett (East) - Cheltenham,24085.0,1047.0,7.0,0.0,0.0,1169.0,0.5119,1.563
208031189,Edithvale - Aspendale,13563.0,1073.0,9.0,0.0,0.0,1256.0,0.4923,1.764
208031190,Mentone,13197.0,1061.0,8.0,0.0,0.0,1235.0,0.5238,1.56
208031191,Moorabbin - Heatherton,9116.0,1048.0,8.0,0.0,0.0,1177.0,0.5156,1.688
208031193,Mordialloc - Parkdale,21199.0,1072.0,9.0,0.0,0.0,1268.0,0.5123,1.689
208041194,Malvern - Glen Iris,20239.0,1098.0,10.0,1.0,0.4940955580809328,1583.0,0.7122,1.529
208041195,Malvern East,21923.0,1088.0,10.0,0.0,0.0,1421.0,0.6832,1.628
209011196,Bundoora - East,9831.0,1024.0,6.0,0.0,0.0,927.0,0.4464,1.828
209011197,Greensborough,20807.0,1070.0,9.0,1.0,0.4806074878646609,1143.0,0.4843,1.85
209011198,Heidelberg - Rosanna,16039.0,1075.0,9.0,1.0,0.6234802668495543,1283.0,0.6346,1.554
209011199,Heidelberg West,14852.0,962.0,3.0,0.0,0.0,1027.0,0.526,1.475
209011200,Ivanhoe,12458.0,1085.0,9.0,0.0,0.0,1377.0,0.6839,1.622
209011201,Ivanhoe East - Eaglemont,7740.0,1118.0,10.0,0.0,0.0,1522.0,0.7002,1.927
209011202,Montmorency - Briar Hill,16539.0,1080.0,9.0,0.0,0.0,1208.0,0.5151,1.841
209011203,Viewbank - Yallambie,18733.0,1066.0,9.0,0.0,0.0,1140.0,0.5526,1.763
209011204,Watsonia,9236.0,1046.0,7.0,0.0,0.0,1094.0,0.4769,1.73
209021205,Kingsbury,10408.0,1012.0,5.0,0.0,0.0,967.0,0.5583,1.687
209021428,Preston - East,20711.0,1004.0,5.0,0.0,0.0,1091.0,0.5766,1.353
209021429,Preston - West,12696.0,1034.0,7.0,1.0,0.7876496534341525,1159.0,0.6037,1.488
209021523,Reservoir - North East,14795.0,974.0,4.0,0.0,0.0,957.0,0.4815,1.458
209021524,Reservoir - North West,9801.0,964.0,3.0,0.0,0.0,832.0,0.385,1.755
209021525,Reservoir - South East,12799.0,958.0,3.0,0.0,0.0,913.0,0.4641,1.393
209021526,Reservoir - South West,14090.0,1003.0,5.0,0.0,0.0,1066.0,0.5246,1.441
209031209,Eltham,23444.0,1098.0,10.0,1.0,0.4265483705852244,1261.0,0.5359,2.065
209031210,Hurstbridge,3554.0,1068.0,9.0,0.0,0.0,1094.0,0.4324,2.191
209031211,Kinglake,4204.0,1039.0,7.0,0.0,0.0,977.0,0.2232,2.352
209031212,Panton Hill - St Andrews,5091.0,1086.0,10.0,0.0,0.0,1131.0,0.4049,2.576
209031213,Plenty - Yarrambat,9454.0,1097.0,10.0,0.0,0.0,1208.0,0.4369,2.327
209031214,Research - North Warrandyte,6935.0,1107.0,10.0,0.0,0.0,1336.0,0.5296,2.37
209031215,Wattle Glen - Diamond Creek,14417.0,1084.0,9.0,0.0,0.0,1180.0,0.4099,2.235
209041216,Bundoora - North,7350.0,1027.0,6.0,0.0,0.0,971.0,0.5115,1.832
209041217,Bundoora - West,6186.0,983.0,4.0,0.0,0.0,838.0,0.4415,1.68
209041220,Mill Park - North,17470.0,1011.0,5.0,0.0,0.0,910.0,0.4021,1.986
209041221,Mill Park - South,11240.0,989.0,4.0,0.0,0.0,859.0,0.4051,1.923
209041223,Thomastown,19998.0,885.0,1.0,0.0,0.0,705.0,0.3678,1.632
209041224,Wallan,22627.0,1017.0,6.0,0.0,0.0,1002.0,0.2682,2.166
209041225,Whittlesea,10661.0,1031.0,6.0,0.0,0.0,965.0,0.2806,2.154
209041431,Epping - East,13144.0,961.0,3.0,0.0,0.0,839.0,0.3051,1.925
209041432,Epping - South,8204.0,927.0,2.0,0.0,0.0,781.0,0.3451,1.682
209041433,Epping (Vic.) - West,12143.0,991.0,4.0,0.0,0.0,911.0,0.4592,1.887
209041435,South Morang - North,12595.0,1051.0,8.0,0.0,0.0,1014.0,0.4177,2.103
209041436,South Morang - South,12392.0,1021.0,6.0,0.0,0.0,936.0,0.4021,1.937
209041437,Wollert,24407.0,1002.0,5.0,0.0,0.0,933.0,0.4812,1.888
209041527,Doreen - North,16299.0,1051.0,8.0,0.0,0.0,1079.0,0.3528,2.017
209041528,Doreen - South,10471.0,1045.0,7.0,0.0,0.0,1084.0,0.3948,1.917
209041529,Lalor - East,9947.0,884.0,1.0,0.0,0.0,707.0,0.3581,1.589
209041530,Lalor - West,13513.0,919.0,2.0,0.0,0.0,767.0,0.3902,1.799
209041531,Mernda - North,11427.0,1019.0,6.0,0.0,0.0,1008.0,0.4437,1.79
209041532,Mernda - South,11940.0,1034.0,7.0,0.0,0.0,1018.0,0.4264,1.94
210011226,Airport West,8173.0,1026.0,6.0,0.0,0.0,1111.0,0.427,1.633
210011228,Keilor,8548.0,1052.0,8.0,0.0,0.0,1054.0,0.384,1.973
210011230,Niddrie - Essendon West,7460.0,1067.0,9.0,0.0,0.0,1230.0,0.4904,1.794
210011231,Strathmore,10031.0,1089.0,10.0,0.0,0.0,1280.0,0.5372,1.942
210011533,Avondale Heights,12388.0,1008.0,5.0,0.0,0.0,967.0,0.4627,1.749
210011534,Keilor East,15073.0,1036.0,7.0,0.0,0.0,1052.0,0.4522,1.826
210021232,Gisborne,14222.0,1079.0,9.0,0.0,0.0,1221.0,0.3966,2.191
210021233,Macedon,3523.0,1103.0,10.0,0.0,0.0,1362.0,0.5143,2.18
210021234,Riddells Creek,4457.0,1075.0,9.0,0.0,0.0,1140.0,0.3522,2.291
210021235,Romsey,10765.0,1047.0,7.0,0.0,0.0,1077.0,0.3056,2.317
210031236,Coburg North,8425.0,1017.0,6.0,0.0,0.0,1110.0,0.5567,1.499
210031237,Fawkner,14002.0,936.0,2.0,0.0,0.0,814.0,0.4793,1.59
210031439,Gowanbrae,3111.0,1069.0,9.0,0.0,0.0,1142.0,0.4422,1.904
210031440,Hadfield,6241.0,970.0,3.0,0.0,0.0,925.0,0.4161,1.654
210031535,Glenroy - East,14783.0,945.0,2.0,0.0,0.0,902.0,0.4579,1.503
210031536,Glenroy - West,8857.0,996.0,5.0,0.0,0.0,1020.0,0.5029,1.484
210031537,Oak Park,7898.0,1064.0,8.0,0.0,0.0,1213.0,0.5625,1.584
210031538,Pascoe Vale,17214.0,1041.0,7.0,0.0,0.0,1169.0,0.5359,1.549
210041240,Sunbury,13671.0,1041.0,7.0,1.0,0.731475385853266,1058.0,0.3033,2.143
210041539,Diggers Rest,5237.0,1037.0,7.0,0.0,0.0,1067.0,0.3506,1.925
210041540,Sunbury - South,14985.0,1014.0,6.0,0.0,0.0,1023.0,0.3221,1.778
210041541,Sunbury - West,11166.0,1036.0,7.0,0.0,0.0,1038.0,0.2958,2.042
210051242,Broadmeadows,13859.0,789.0,1.0,1.0,0.721552781585973,661.0,0.3535,1.494
210051243,Campbellfield - Coolaroo,16057.0,791.0,1.0,0.0,0.0,594.0,0.2973,1.712
210051245,Gladstone Park - Westmeadows,18024.0,979.0,4.0,0.0,0.0,898.0,0.3076,1.87
210051246,Greenvale - Bulla,22095.0,1033.0,7.0,0.0,0.0,1008.0,0.405,2.275
210051247,Meadow Heights,14890.0,800.0,1.0,0.0,0.0,613.0,0.3126,1.861
210051248,Melbourne Airport,126.0,1064.0,8.0,0.0,0.0,1012.0,0.2529,2.1
210051250,Tullamarine,6576.0,969.0,3.0,0.0,0.0,902.0,0.3213,1.592
210051441,Craigieburn - Central,8099.0,925.0,2.0,0.0,0.0,777.0,0.2999,1.892
210051442,Craigieburn - North,12309.0,968.0,3.0,0.0,0.0,884.0,0.4054,1.972
210051443,Craigieburn - South,21673.0,946.0,2.0,0.0,0.0,833.0,0.4021,1.993
210051445,Mickleham - Yuroke,23374.0,1001.0,5.0,0.0,0.0,948.0,0.4117,1.982
210051542,Craigieburn - North West,9842.0,965.0,3.0,0.0,0.0,873.0,0.4751,1.807
210051543,Craigieburn - West,12999.0,934.0,2.0,0.0,0.0,839.0,0.4603,1.743
210051544,Roxburgh Park (South) - Somerton,9479.0,895.0,1.0,0.0,0.0,725.0,0.4028,2.033
210051545,Roxburgh Park - North,14658.0,854.0,1.0,0.0,0.0,656.0,0.3841,2.114
211011251,Bayswater,12589.0,1004.0,5.0,0.0,0.0,951.0,0.4197,1.691
211011254,Knoxfield - Scoresby,16601.0,1052.0,8.0,0.0,0.0,1003.0,0.5045,1.93
211011255,Lysterfield,6594.0,1097.0,10.0,0.0,0.0,1182.0,0.4297,2.432
211011256,Rowville - Central,15418.0,1054.0,8.0,0.0,0.0,1026.0,0.4639,2.045
211011257,Rowville - North,7905.0,1081.0,9.0,0.0,0.0,1073.0,0.451,2.113
211011258,Rowville - South,10375.0,1075.0,9.0,0.0,0.0,1065.0,0.4684,2.213
211011259,Wantirna,14341.0,1045.0,7.0,0.0,0.0,988.0,0.491,1.92
211011260,Wantirna South,17942.0,1046.0,7.0,0.0,0.0,973.0,0.5312,1.878
211011446,Boronia,23560.0,1015.0,6.0,0.0,0.0,967.0,0.3855,1.715
211011447,Ferntree Gully - North,14145.0,1014.0,6.0,0.0,0.0,970.0,0.3748,1.77
211011448,Ferntree Gully (South) - Upper F,15334.0,1043.0,7.0,0.0,0.0,997.0,0.3807,1.989
211011449,The Basin,4345.0,1056.0,8.0,0.0,0.0,1061.0,0.3397,2.111
211021261,Donvale - Park Orchards,16275.0,1083.0,9.0,0.0,0.0,1185.0,0.5637,2.116
211021262,Warrandyte - Wonga Park,10112.0,1100.0,10.0,0.0,0.0,1284.0,0.4943,2.448
211031263,Bayswater North,11871.0,1029.0,6.0,0.0,0.0,1005.0,0.3501,1.931
211031265,Croydon Hills - Warranwood,18059.0,1085.0,9.0,0.0,0.0,1169.0,0.4593,2.117
211031266,Ringwood,18715.0,1014.0,6.0,0.0,0.0,1039.0,0.5036,1.542
211031267,Ringwood East,21132.0,1048.0,7.0,0.0,0.0,1117.0,0.5147,1.755
211031268,Ringwood North,9654.0,1085.0,9.0,0.0,0.0,1164.0,0.5135,2.019
211031450,Croydon - East,16109.0,1004.0,5.0,0.0,0.0,1006.0,0.4019,1.637
211031451,Croydon - West,14139.0,1032.0,7.0,0.0,0.0,1055.0,0.4439,1.741
211031452,Croydon South,4898.0,1040.0,7.0,0.0,0.0,1059.0,0.43,1.897
211041269,Forest Hill,10780.0,1021.0,6.0,0.0,0.0,994.0,0.5736,1.628
211041270,Mitcham (Vic.),16795.0,1062.0,8.0,0.0,0.0,1165.0,0.6078,1.648
211041271,Nunawading,12413.0,1041.0,7.0,1.0,0.8056070248932571,1107.0,0.5736,1.634
211041272,Vermont,10993.0,1063.0,8.0,0.0,0.0,1079.0,0.5805,1.826
211041273,Vermont South,11954.0,1060.0,8.0,0.0,0.0,1000.0,0.5767,1.942
211051274,Belgrave - Selby,10005.0,1072.0,9.0,0.0,0.0,1129.0,0.4284,2.179
211051275,Chirnside Park,11779.0,1060.0,8.0,0.0,0.0,1060.0,0.3648,2.051
211051276,Healesville - Yarra Glen,14065.0,1027.0,6.0,0.0,0.0,957.0,0.2982,2.055
211051277,Kilsyth,9916.0,1010.0,5.0,0.0,0.0,980.0,0.3194,1.832
211051278,Lilydale - Coldstream,19599.0,1035.0,7.0,0.0,0.0,1012.0,0.3031,1.972
211051279,Monbulk - Silvan,5816.0,1051.0,8.0,0.0,0.0,1014.0,0.3251,2.249
211051280,Montrose,6943.0,1068.0,9.0,0.0,0.0,1064.0,0.3293,2.155
211051281,Mooroolbark,23146.0,1031.0,6.0,0.0,0.0,1025.0,0.347,1.981
211051282,Mount Dandenong - Olinda,9706.0,1079.0,9.0,0.0,0.0,1145.0,0.4972,2.067
211051283,Mount Evelyn,9799.0,1051.0,8.0,0.0,0.0,1021.0,0.3071,2.183
211051284,Upwey - Tecoma,9777.0,1071.0,9.0,0.0,0.0,1118.0,0.4409,2.033
211051285,Wandin - Seville,7902.0,1060.0,8.0,0.0,0.0,1032.0,0.2564,2.384
211051286,Yarra Valley,16799.0,995.0,5.0,0.0,0.0,867.0,0.2277,2.086
212011289,Emerald - Cockatoo,18633.0,1066.0,9.0,0.0,0.0,1093.0,0.3181,2.354
212011546,Beaconsfield - Officer,23632.0,1056.0,8.0,0.0,0.0,1081.0,0.3902,1.985
212011547,Bunyip - Garfield,9868.0,1046.0,7.0,0.0,0.0,983.0,0.2269,2.353
212011548,Koo Wee Rup,10069.0,1020.0,6.0,0.0,0.0,939.0,0.1951,2.183
212011549,Pakenham - North East,15441.0,979.0,4.0,0.0,0.0,912.0,0.2659,1.856
212011550,Pakenham - North West,7479.0,1025.0,6.0,0.0,0.0,993.0,0.3482,1.935
212011551,Pakenham - South East,6439.0,948.0,3.0,0.0,0.0,803.0,0.2685,1.615
212011552,Pakenham - South West,26783.0,990.0,4.0,0.0,0.0,919.0,0.3188,1.889
212021293,Berwick - North,22963.0,1057.0,8.0,0.0,0.0,1078.0,0.3971,1.902
212021295,Doveton,11889.0,832.0,1.0,0.0,0.0,718.0,0.2877,1.628
212021297,Hallam,11472.0,917.0,2.0,0.0,0.0,756.0,0.3334,1.879
212021299,Narre Warren North,8241.0,1068.0,9.0,0.0,0.0,1098.0,0.3632,2.683
212021453,Endeavour Hills - North,12086.0,996.0,5.0,0.0,0.0,872.0,0.3884,2.07
212021454,Endeavour Hills - South,13360.0,998.0,5.0,0.0,0.0,869.0,0.4033,2.011
212021455,Narre Warren - North East,13504.0,1010.0,5.0,0.0,0.0,904.0,0.3415,2.074
212021456,Narre Warren - South West,14758.0,953.0,3.0,0.0,0.0,834.0,0.3344,1.845
212021553,Berwick - South East,17760.0,1059.0,8.0,0.0,0.0,1069.0,0.4506,2.088
212021554,Berwick - South West,11254.0,1044.0,7.0,0.0,0.0,1020.0,0.4529,2.004
212031300,Cranbourne,21281.0,920.0,2.0,1.0,0.4699027301348621,811.0,0.2519,1.809
212031303,Cranbourne South,17400.0,1054.0,8.0,0.0,0.0,1073.0,0.3175,2.157
212031304,Cranbourne West,21535.0,989.0,4.0,0.0,0.0,914.0,0.3445,1.954
212031306,Lynbrook - Lyndhurst,18027.0,1021.0,6.0,0.0,0.0,976.0,0.4765,2.069
212031308,Pearcedale - Tooradin,8024.0,1036.0,7.0,0.0,0.0,971.0,0.2004,2.386
212031457,Narre Warren South - East,13152.0,1030.0,6.0,0.0,0.0,954.0,0.3658,2.338
212031458,Narre Warren South - West,16713.0,968.0,3.0,0.0,0.0,847.0,0.3484,2.162
212031555,Clyde North - North,10535.0,1066.0,9.0,0.0,0.0,1064.0,0.5169,1.981
212031556,Clyde North - South,14802.0,1046.0,7.0,0.0,0.0,1014.0,0.4603,2.022
212031557,Cranbourne East - North,23415.0,1001.0,5.0,0.0,0.0,882.0,0.3815,1.922
212031558,Cranbourne East - South,12289.0,1019.0,6.0,0.0,0.0,919.0,0.3881,1.846
212031559,Cranbourne North - East,12772.0,1013.0,6.0,0.0,0.0,972.0,0.4647,2.017
212031560,Cranbourne North - West,11910.0,946.0,2.0,0.0,0.0,832.0,0.2832,2.001
212031561,Hampton Park - East,12715.0,917.0,2.0,0.0,0.0,753.0,0.2953,1.998
212031562,Hampton Park - West,13368.0,893.0,1.0,0.0,0.0,737.0,0.3138,1.87
212041309,Clarinda - Oakleigh South,11554.0,990.0,4.0,0.0,0.0,892.0,0.4685,1.8
212041310,Clayton South,13381.0,954.0,3.0,0.0,0.0,848.0,0.5621,1.59
212041312,Dandenong North,22526.0,926.0,2.0,0.0,0.0,778.0,0.3578,1.822
212041313,Dingley Village,10499.0,1066.0,9.0,0.0,0.0,1047.0,0.3986,1.973
212041316,Noble Park North,7456.0,936.0,2.0,0.0,0.0,772.0,0.3944,1.787
212041317,Springvale,22248.0,845.0,1.0,1.0,0.4494786048184106,702.0,0.4587,1.656
212041318,Springvale South,12621.0,831.0,1.0,0.0,0.0,685.0,0.384,1.913
212041459,Noble Park - East,12739.0,904.0,2.0,0.0,0.0,792.0,0.4295,1.499
212041460,Noble Park - West,19591.0,853.0,1.0,0.0,0.0,707.0,0.4036,1.681
212041563,Dandenong - North,21487.0,828.0,1.0,0.0,0.0,725.0,0.3552,1.423
212041564,Dandenong - South,9350.0,818.0,1.0,0.0,0.0,720.0,0.3416,1.627
212041565,Keysborough - North,15096.0,914.0,2.0,0.0,0.0,738.0,0.371,1.926
212041566,Keysborough - South,15093.0,1039.0,7.0,0.0,0.0,1051.0,0.5817,2.17
212051319,Ashwood - Chadstone,19507.0,1033.0,7.0,0.0,0.0,1148.0,0.6164,1.649
212051321,Glen Waverley - East,21603.0,1055.0,8.0,1.0,0.4628986714808128,1009.0,0.6452,1.808
212051322,Glen Waverley - West,21036.0,1039.0,7.0,0.0,0.0,1000.0,0.6389,1.709
212051323,Mount Waverley - North,16073.0,1065.0,9.0,1.0,0.6221613886642194,1098.0,0.6478,1.796
212051324,Mount Waverley - South,19265.0,1068.0,9.0,0.0,0.0,1118.0,0.6262,1.79
212051325,Mulgrave,19889.0,1038.0,7.0,0.0,0.0,986.0,0.5229,1.894
212051326,Oakleigh - Huntingdale,22928.0,1038.0,7.0,1.0,0.4361479413817166,1084.0,0.5882,1.623
212051327,Wheelers Hill,20652.0,1066.0,9.0,1.0,0.484214603912454,1027.0,0.5557,1.882
212051567,Clayton (North) - Notting Hill,9829.0,981.0,4.0,0.0,0.0,704.0,0.6201,1.232
212051568,Clayton - Central,12052.0,983.0,4.0,0.0,0.0,859.0,0.6262,1.439
213011328,Ardeer - Albion,7502.0,903.0,2.0,0.0,0.0,882.0,0.4202,1.408
213011329,Cairnlea,10038.0,951.0,3.0,0.0,0.0,830.0,0.4558,2.167
213011331,Delahey,8077.0,899.0,1.0,0.0,0.0,756.0,0.3286,1.904
213011332,Keilor Downs,13082.0,965.0,3.0,0.0,0.0,839.0,0.3551,1.947
213011333,Kings Park (Vic.),13983.0,827.0,1.0,0.0,0.0,643.0,0.288,1.801
213011334,St Albans - North,20581.0,825.0,1.0,0.0,0.0,671.0,0.3395,1.601
213011335,St Albans - South,17454.0,821.0,1.0,0.0,0.0,660.0,0.3361,1.646
213011336,Sunshine,9445.0,931.0,2.0,1.0,1.058761249338274,900.0,0.5001,1.462
213011337,Sunshine North,12047.0,865.0,1.0,0.0,0.0,726.0,0.4077,1.734
213011338,Sunshine West,18558.0,884.0,1.0,0.0,0.0,759.0,0.3853,1.722
213011339,Sydenham,11726.0,983.0,4.0,0.0,0.0,881.0,0.392,1.881
213011340,Taylors Lakes,16910.0,1042.0,7.0,0.0,0.0,985.0,0.4048,2.231
213011569,Deer Park,18004.0,899.0,1.0,0.0,0.0,774.0,0.366,1.773
213011570,Derrimut,8653.0,987.0,4.0,0.0,0.0,960.0,0.4632,2.079
213021341,Altona,13556.0,1040.0,7.0,1.0,0.737680731779286,1221.0,0.4877,1.577
213021342,Altona Meadows,18479.0,983.0,4.0,0.0,0.0,930.0,0.3755,1.714
213021343,Altona North,14931.0,968.0,3.0,0.0,0.0,1062.0,0.4446,1.603
213021344,Newport,18753.0,1075.0,9.0,1.0,0.5332480136511492,1478.0,0.5884,1.623
213021345,Seabrook,4952.0,1024.0,6.0,0.0,0.0,1032.0,0.4663,1.906
213021346,Williamstown,15912.0,1067.0,9.0,1.0,0.628456510809452,1432.0,0.5977,1.617
213031347,Braybrook,19068.0,925.0,2.0,0.0,0.0,936.0,0.5242,1.507
213031348,Footscray,17131.0,987.0,4.0,1.0,0.5837370848169984,1139.0,0.5974,1.085
213031349,Maribyrnong,12573.0,1045.0,7.0,0.0,0.0,1186.0,0.5984,1.556
213031350,Seddon - Kingsville,9247.0,1060.0,8.0,0.0,0.0,1468.0,0.6521,1.321
213031351,West Footscray - Tottenham,11735.0,1016.0,6.0,0.0,0.0,1215.0,0.5876,1.384
213031352,Yarraville,15463.0,1077.0,9.0,0.0,0.0,1478.0,0.6325,1.472
213041353,Bacchus Marsh,24717.0,1011.0,5.0,0.0,0.0,1023.0,0.2975,1.988
213041358,Melton West,21208.0,940.0,2.0,0.0,0.0,858.0,0.2561,1.936
213041359,Rockbank - Mount Cottrell,17553.0,1035.0,7.0,0.0,0.0,1039.0,0.4568,1.918
213041360,Taylors Hill,19539.0,1034.0,7.0,0.0,0.0,1001.0,0.4481,2.159
213041461,Burnside,5800.0,982.0,4.0,0.0,0.0,869.0,0.3783,1.956
213041462,Burnside Heights,6377.0,1006.0,5.0,0.0,0.0,967.0,0.5229,2.103
213041463,Caroline Springs,20365.0,1014.0,6.0,0.0,0.0,1004.0,0.4617,1.998
213041571,Brookfield,9829.0,952.0,3.0,0.0,0.0,856.0,0.2989,1.927
213041572,Cobblebank - Strathtulloh,7598.0,1007.0,5.0,0.0,0.0,997.0,0.4353,1.884
213041573,Eynesbury - Exford,2990.0,1090.0,10.0,0.0,0.0,1265.0,0.3367,2.099
213041574,Fraser Rise - Plumpton,10098.0,1047.0,7.0,0.0,0.0,1065.0,0.457,2.011
213041575,Hillside,16182.0,1035.0,7.0,0.0,0.0,988.0,0.3761,2.246
213041576,Kurunjang - Toolern Vale,11632.0,947.0,3.0,0.0,0.0,851.0,0.22,2.072
213041577,Melton,7886.0,849.0,1.0,1.0,1.26806999746386,721.0,0.1861,1.566
213041578,Melton South - Weir Views,16658.0,877.0,1.0,0.0,0.0,772.0,0.2848,1.662
213051361,Hoppers Crossing - North,18446.0,970.0,3.0,0.0,0.0,887.0,0.3537,1.978
213051362,Hoppers Crossing - South,18772.0,944.0,2.0,0.0,0.0,819.0,0.3645,1.755
213051363,Laverton,11459.0,993.0,5.0,0.0,0.0,1073.0,0.5485,1.628
213051368,Werribee - South,16810.0,1005.0,5.0,1.0,0.594883997620464,1018.0,0.4199,1.738
213051464,Point Cook - East,19274.0,1051.0,8.0,0.0,0.0,1192.0,0.5627,1.889
213051466,Point Cook - South,19091.0,1072.0,9.0,1.0,0.5238070294903358,1260.0,0.6536,1.771
213051467,Werribee - East,19010.0,895.0,1.0,0.0,0.0,809.0,0.3122,1.627
213051468,Werribee - West,22341.0,1007.0,5.0,0.0,0.0,1022.0,0.4018,1.835
213051579,Manor Lakes - Quandong,10616.0,1041.0,7.0,0.0,0.0,1130.0,0.5869,1.669
213051580,Point Cook - North East,14167.0,1040.0,7.0,0.0,0.0,1060.0,0.5044,1.861
213051581,Point Cook - North West,9565.0,1054.0,8.0,0.0,0.0,1149.0,0.5899,1.839
213051582,Tarneit (West) - Mount Cottrell,10132.0,1025.0,6.0,0.0,0.0,979.0,0.5625,1.792
213051583,Tarneit - Central,28116.0,1015.0,6.0,0.0,0.0,952.0,0.5378,1.872
213051584,Tarneit - North,7197.0,1032.0,7.0,0.0,0.0,1017.0,0.564,1.841
213051585,Tarneit - South,11182.0,988.0,4.0,0.0,0.0,891.0,0.4785,1.849
213051586,Truganina - North,9340.0,1040.0,7.0,0.0,0.0,1062.0,0.5517,1.837
213051587,Truganina - South East,9596.0,1050.0,8.0,0.0,0.0,1104.0,0.6332,1.826
213051588,Truganina - South West,19065.0,992.0,5.0,0.0,0.0,916.0,0.5222,1.842
213051589,Wyndham Vale - North,9032.0,980.0,4.0,0.0,0.0,959.0,0.4412,1.681
213051590,Wyndham Vale - South,13546.0,958.0,3.0,0.0,0.0,902.0,0.3497,1.821
214011370,Carrum Downs,21976.0,986.0,4.0,0.0,0.0,928.0,0.2541,1.788
214011371,Frankston,23586.0,972.0,4.0,1.0,0.4239803273128127,952.0,0.3181,1.531
214011372,Frankston North,19453.0,925.0,2.0,0.0,0.0,838.0,0.2333,1.589
214011373,Frankston South,18801.0,1069.0,9.0,0.0,0.0,1149.0,0.4165,1.921
214011374,Langwarrin,24939.0,1040.0,7.0,0.0,0.0,1042.0,0.2709,2.052
214011375,Seaford (Vic.),17215.0,997.0,5.0,0.0,0.0,1012.0,0.3239,1.61
214011376,Skye - Sandhurst,13303.0,1049.0,8.0,0.0,0.0,1097.0,0.3247,2.1
214021377,Dromana,13366.0,1026.0,6.0,0.0,0.0,970.0,0.3038,1.823
214021378,Flinders,5995.0,1093.0,10.0,0.0,0.0,1383.0,0.5072,2.2
214021379,Hastings - Somers,23970.0,1006.0,5.0,0.0,0.0,949.0,0.2667,1.856
214021381,Mount Eliza,18734.0,1104.0,10.0,0.0,0.0,1328.0,0.5027,2.124
214021382,Mount Martha,19846.0,1079.0,9.0,0.0,0.0,1167.0,0.4041,1.99
214021383,Point Nepean,19811.0,1040.0,7.0,0.0,0.0,1077.0,0.3406,1.839
214021384,Rosebud - McCrae,22944.0,982.0,4.0,0.0,0.0,851.0,0.2427,1.671
214021385,Somerville,18522.0,1036.0,7.0,0.0,0.0,1007.0,0.2601,2.082
214021591,Mornington - East,15175.0,1020.0,6.0,0.0,0.0,961.0,0.3077,1.791
214021592,Mornington - West,10581.0,1043.0,7.0,0.0,0.0,1093.0,0.3859,1.611
